{"cameraMode":{"drawMode":0,"name":"Shaded","section":"Shading Mode"},"sceneLighting":false,"audioPlay":false,"sceneViewState":{"m_AlwaysRefresh":false,"showFog":true,"showSkybox":false,"showFlares":true,"showImageEffects":true,"showParticleSystems":true,"showVisualEffectGraphs":true,"m_FxEnabled":true},"in2DMode":false,"pivot":{"x":0.10233521461486817,"y":0.027150262147188188,"z":0.4097316563129425},"rotation":{"x":-0.13652975857257844,"y":-0.8379302024841309,"z":0.4687061011791229,"w":-0.24411313235759736},"size":0.38959357142448428,"orthographic":true}