{"cameraMode":{"drawMode":0,"name":"Shaded","section":"Shading Mode"},"sceneLighting":true,"audioPlay":false,"sceneViewState":{"m_AlwaysRefresh":false,"showFog":true,"showSkybox":true,"showFlares":true,"showImageEffects":true,"showParticleSystems":true,"showVisualEffectGraphs":true,"m_FxEnabled":true},"in2DMode":false,"pivot":{"x":328.6347351074219,"y":235.43585205078126,"z":-5.731170654296875},"rotation":{"x":-0.8457813262939453,"y":0.0009481644374318421,"z":-0.001505615538917482,"w":-0.5335602164268494},"size":315.83319091796877,"orthographic":false}