{"cameraMode":{"drawMode":0,"name":"Shaded","section":"Shading Mode"},"sceneLighting":false,"audioPlay":false,"sceneViewState":{"m_AlwaysRefresh":false,"showFog":true,"showSkybox":false,"showFlares":true,"showImageEffects":true,"showParticleSystems":true,"showVisualEffectGraphs":true,"m_FxEnabled":true},"in2DMode":false,"pivot":{"x":2.150182008743286,"y":1.48781156539917,"z":1.4615583419799805},"rotation":{"x":0.08849088102579117,"y":-0.8712582588195801,"z":0.17072376608848573,"w":0.45160773396492007},"size":1.2376956939697266,"orthographic":true}