{"cameraMode":{"drawMode":0,"name":"Shaded","section":"Shading Mode"},"sceneLighting":false,"audioPlay":false,"sceneViewState":{"m_AlwaysRefresh":false,"showFog":true,"showSkybox":false,"showFlares":true,"showImageEffects":true,"showParticleSystems":true,"showVisualEffectGraphs":true,"m_FxEnabled":true},"in2DMode":false,"pivot":{"x":-0.23101338744163514,"y":0.8407503366470337,"z":0.19300690293312074},"rotation":{"x":-0.2913239300251007,"y":-0.6911609768867493,"z":0.3651217222213745,"w":-0.5515028834342957},"size":0.9131888747215271,"orthographic":true}