{"cameraMode":{"drawMode":0,"name":"Shaded","section":"Shading Mode"},"sceneLighting":false,"audioPlay":false,"sceneViewState":{"m_AlwaysRefresh":false,"showFog":true,"showSkybox":false,"showFlares":true,"showImageEffects":true,"showParticleSystems":true,"showVisualEffectGraphs":true,"m_FxEnabled":true},"in2DMode":false,"pivot":{"x":0.0003921389579772949,"y":0.312532514333725,"z":2.0001516342163088},"rotation":{"x":0.4765079617500305,"y":0.4339841604232788,"z":-0.2927362620830536,"w":0.7064854502677918},"size":1.5589829683303834,"orthographic":true}